<?xml version="1.0" encoding="UTF-8"?>
<rpc-reply
	xmlns="urn:ietf:params:xml:ns:netconf:base:1.0" message-id="urn:uuid:c934e5cf-207b-418e-8787-2e66cb1df9c0"
	xmlns:nc="urn:ietf:params:xml:ns:netconf:base:1.0">
	<data>
		<native
			xmlns="http://cisco.com/ns/yang/Cisco-IOS-XE-native">
			<interface>
				<GigabitEthernet>
					<name>1</name>
					<ip>
						<address>
							<primary>
								<address>192.168.0.50</address>
								<mask>255.255.255.0</mask>
							</primary>
						</address>
					</ip>
					<mop>
						<enabled>false</enabled>
						<sysid>false</sysid>
					</mop>
					<negotiation
						xmlns="http://cisco.com/ns/yang/Cisco-IOS-XE-ethernet">
						<auto>true</auto>
					</negotiation>
				</GigabitEthernet>
				<GigabitEthernet>
					<name>2</name>
					<ip>
						<address>
							<primary>
								<address>2.2.2.2</address>
								<mask>255.255.255.0</mask>
							</primary>
						</address>
					</ip>
					<mop>
						<enabled>false</enabled>
						<sysid>false</sysid>
					</mop>
					<negotiation
						xmlns="http://cisco.com/ns/yang/Cisco-IOS-XE-ethernet">
						<auto>true</auto>
					</negotiation>
				</GigabitEthernet>
				<GigabitEthernet>
					<name>3</name>
					<shutdown/>
					<ip>
						<no-address>
							<address>false</address>
						</no-address>
					</ip>
					<mop>
						<enabled>false</enabled>
						<sysid>false</sysid>
					</mop>
					<negotiation
						xmlns="http://cisco.com/ns/yang/Cisco-IOS-XE-ethernet">
						<auto>true</auto>
					</negotiation>
				</GigabitEthernet>
				<GigabitEthernet>
					<name>4</name>
					<shutdown/>
					<ip>
						<no-address>
							<address>false</address>
						</no-address>
					</ip>
					<mop>
						<enabled>false</enabled>
						<sysid>false</sysid>
					</mop>
					<negotiation
						xmlns="http://cisco.com/ns/yang/Cisco-IOS-XE-ethernet">
						<auto>true</auto>
					</negotiation>
				</GigabitEthernet>
			</interface>
		</native>
	</data>
</rpc-reply>
