<?xml version="1.0" encoding="UTF-8"?>
<rpc-reply xmlns="urn:ietf:params:xml:ns:netconf:base:1.0" message-id="urn:uuid:4257f0cf-e1fd-4797-9077-4246c0276912" xmlns:nc="urn:ietf:params:xml:ns:netconf:base:1.0"><data><native xmlns="http://cisco.com/ns/yang/Cisco-IOS-XE-native"><interface><GigabitEthernet><name xmlns:nc='urn:ietf:params:xml:ns:netconf:base:1.0'>2</name><ip><address><primary><address>2.2.2.2</address><mask>255.255.255.0</mask></primary></address></ip><mop><enabled>false</enabled><sysid>false</sysid></mop><negotiation xmlns="http://cisco.com/ns/yang/Cisco-IOS-XE-ethernet"><auto>true</auto></negotiation></GigabitEthernet></interface></native></data></rpc-reply>