{
  "ietf-interfaces:interfaces": {
    "interface": [
      {
        "name": "GigabitEthernet1",
        "description": "MANAGEMENT INTERFACE - DON'T TOUCH ME",
        "type": "iana-if-type:ethernetCsmacd",
        "enabled": true,
        "ietf-ip:ipv4": {
          "address": [
            {
              "ip": "10.10.20.48",
              "netmask": "255.255.255.0"
            }
          ]
        },
        "ietf-ip:ipv6": {
        }
      },
      {
        "name": "GigabitEthernet2",
        "description": "Network Interface",
        "type": "iana-if-type:ethernetCsmacd",
        "enabled": false,
        "ietf-ip:ipv4": {
        },
        "ietf-ip:ipv6": {
        }
      },
      {
        "name": "GigabitEthernet3",
        "description": "Network Interface",
        "type": "iana-if-type:ethernetCsmacd",
        "enabled": false,
        "ietf-ip:ipv4": {
        },
        "ietf-ip:ipv6": {
        }
      }
    ]
  }
}
